<?xml version="1.0" encoding="UTF-8"?>
<!DOCTYPE mapper PUBLIC "-//mybatis.org//DTD Mapper 3.0//EN" "http://mybatis.org/dtd/mybatis-3-mapper.dtd">
<mapper namespace="org.jjche.gen.modules.generator.mapper.GenConfigMapper">

    <sql id="tableSql">
        select table_name AS 'tableName',create_time AS 'createTime', engine,
        table_collation AS 'tableCollation', table_comment AS 'tableComment'
        from information_schema.tables
        where table_schema = (select database())
        <if test="tableName != null and tableName != ''">
            AND table_name like CONCAT('%', #{tableName}, '%')
        </if>
        order by create_time desc
    </sql>

    <select id="pageTable" resultType="map">
        <include refid="tableSql"/>
    </select>

    <select id="queryColumn" resultType="org.jjche.gen.modules.generator.domain.ColumnInfoDO">
        <![CDATA[
        select #{tableName} AS 'tableName', column_name, is_nullable <=> 'NO' AS 'notNull',
        data_type AS 'columnType', column_comment AS 'remark', column_key AS 'keyType', extra,
        character_maximum_length AS 'maxLength'
            from information_schema.columns
        where table_name = #{tableName}
        and table_schema = (select database()) order by ordinal_position
            ]]>
    </select>
</mapper>