<?xml version="1.0" encoding="UTF-8"?>
<!DOCTYPE mapper PUBLIC "-//mybatis.org//DTD Mapper 3.0//EN" "http://mybatis.org/dtd/mybatis-3-mapper.dtd">
<mapper namespace="org.jjche.log.modules.logging.mapper.LogMapper">

    <select id="findLastTenDaysVisitCount" resultType="org.jjche.log.modules.logging.vo.DashboardChartLastTenVisitVO">
        SELECT
        DATE_FORMAT(gmt_create, '%y-%m-%d') AS 'loginDate',
        count( 1 ) `count`
        FROM sys_log
        WHERE module = '认证' AND gmt_create >= #{tenDays}
        <if test="username != null and username != ''">
            AND username = #{username}
        </if>
        GROUP BY 1
        ORDER BY 1
    </select>

    <select id="findByBrowser" resultType="org.jjche.log.modules.logging.vo.DashboardChartBrowserVO">
        SELECT browser, count( id ) `count`
        FROM sys_log
        GROUP BY browser
    </select>

    <select id="findByOs" resultType="org.jjche.log.modules.logging.vo.DashboardChartOperatingSystemVO">
        SELECT os, count( id ) `count`
        FROM sys_log
        GROUP BY os
    </select>
</mapper>